Timestamp,User Count,Type,Name,Requests/s,Failures/s,50%,66%,75%,80%,90%,95%,98%,99%,99.9%,99.99%,100%,Total Request Count,Total Failure Count,Total Median Response Time,Total Average Response Time,Total Min Response Time,Total Max Response Time,Total Average Content Size
1703812932,0,,Aggregated,0.000000,0.000000,N/A,N/A,N/A,N/A,N/A,N/A,N/A,N/A,N/A,N/A,N/A,0,0,0,0.0,0,0,0
1703812933,1,,Aggregated,0.000000,0.000000,N/A,N/A,N/A,N/A,N/A,N/A,N/A,N/A,N/A,N/A,N/A,0,0,0,0.0,0,0,0
1703812934,2,,Aggregated,0.000000,0.000000,N/A,N/A,N/A,N/A,N/A,N/A,N/A,N/A,N/A,N/A,N/A,0,0,0,0.0,0,0,0
1703812935,3,,Aggregated,0.000000,0.000000,N/A,N/A,N/A,N/A,N/A,N/A,N/A,N/A,N/A,N/A,N/A,0,0,0,0.0,0,0,0
1703812936,4,,Aggregated,0.000000,0.000000,N/A,N/A,N/A,N/A,N/A,N/A,N/A,N/A,N/A,N/A,N/A,0,0,0,0.0,0,0,0
1703812937,5,,Aggregated,0.000000,0.000000,N/A,N/A,N/A,N/A,N/A,N/A,N/A,N/A,N/A,N/A,N/A,0,0,0,0.0,0,0,0
1703812938,6,,Aggregated,0.000000,0.000000,N/A,N/A,N/A,N/A,N/A,N/A,N/A,N/A,N/A,N/A,N/A,0,0,0,0.0,0,0,0
1703812939,7,,Aggregated,0.000000,0.000000,N/A,N/A,N/A,N/A,N/A,N/A,N/A,N/A,N/A,N/A,N/A,0,0,0,0.0,0,0,0
1703812940,8,,Aggregated,0.000000,0.000000,N/A,N/A,N/A,N/A,N/A,N/A,N/A,N/A,N/A,N/A,N/A,0,0,0,0.0,0,0,0
1703812941,9,,Aggregated,0.000000,0.000000,N/A,N/A,N/A,N/A,N/A,N/A,N/A,N/A,N/A,N/A,N/A,0,0,0,0.0,0,0,0
1703812942,10,,Aggregated,0.000000,0.000000,N/A,N/A,N/A,N/A,N/A,N/A,N/A,N/A,N/A,N/A,N/A,0,0,0,0.0,0,0,0
1703812943,11,,Aggregated,0.000000,0.000000,N/A,N/A,N/A,N/A,N/A,N/A,N/A,N/A,N/A,N/A,N/A,0,0,0,0.0,0,0,0
1703812944,12,,Aggregated,0.000000,0.000000,N/A,N/A,N/A,N/A,N/A,N/A,N/A,N/A,N/A,N/A,N/A,0,0,0,0.0,0,0,0
1703812945,13,,Aggregated,0.000000,0.000000,N/A,N/A,N/A,N/A,N/A,N/A,N/A,N/A,N/A,N/A,N/A,0,0,0,0.0,0,0,0
1703812946,14,,Aggregated,0.000000,0.000000,N/A,N/A,N/A,N/A,N/A,N/A,N/A,N/A,N/A,N/A,N/A,0,0,0,0.0,0,0,0
1703812947,15,,Aggregated,0.000000,0.000000,N/A,N/A,N/A,N/A,N/A,N/A,N/A,N/A,N/A,N/A,N/A,0,0,0,0.0,0,0,0
1703812948,16,,Aggregated,0.000000,0.000000,N/A,N/A,N/A,N/A,N/A,N/A,N/A,N/A,N/A,N/A,N/A,0,0,0,0.0,0,0,0
1703812949,17,,Aggregated,0.000000,0.000000,N/A,N/A,N/A,N/A,N/A,N/A,N/A,N/A,N/A,N/A,N/A,0,0,0,0.0,0,0,0
1703812950,18,,Aggregated,0.000000,0.000000,N/A,N/A,N/A,N/A,N/A,N/A,N/A,N/A,N/A,N/A,N/A,0,0,0,0.0,0,0,0
1703812951,19,,Aggregated,0.000000,0.000000,N/A,N/A,N/A,N/A,N/A,N/A,N/A,N/A,N/A,N/A,N/A,0,0,0,0.0,0,0,0
1703812952,20,,Aggregated,0.000000,0.000000,N/A,N/A,N/A,N/A,N/A,N/A,N/A,N/A,N/A,N/A,N/A,0,0,0,0.0,0,0,0
1703812953,21,,Aggregated,0.000000,0.000000,N/A,N/A,N/A,N/A,N/A,N/A,N/A,N/A,N/A,N/A,N/A,0,0,0,0.0,0,0,0
1703812954,22,,Aggregated,0.000000,0.000000,N/A,N/A,N/A,N/A,N/A,N/A,N/A,N/A,N/A,N/A,N/A,0,0,0,0.0,0,0,0
1703812955,23,,Aggregated,0.000000,0.000000,N/A,N/A,N/A,N/A,N/A,N/A,N/A,N/A,N/A,N/A,N/A,0,0,0,0.0,0,0,0
1703812956,24,,Aggregated,0.000000,0.000000,N/A,N/A,N/A,N/A,N/A,N/A,N/A,N/A,N/A,N/A,N/A,0,0,0,0.0,0,0,0
1703812957,25,,Aggregated,0.000000,0.000000,N/A,N/A,N/A,N/A,N/A,N/A,N/A,N/A,N/A,N/A,N/A,0,0,0,0.0,0,0,0
1703812958,26,,Aggregated,0.000000,0.000000,N/A,N/A,N/A,N/A,N/A,N/A,N/A,N/A,N/A,N/A,N/A,0,0,0,0.0,0,0,0
1703812959,27,,Aggregated,0.000000,0.000000,N/A,N/A,N/A,N/A,N/A,N/A,N/A,N/A,N/A,N/A,N/A,0,0,0,0.0,0,0,0
1703812960,28,,Aggregated,0.000000,0.000000,N/A,N/A,N/A,N/A,N/A,N/A,N/A,N/A,N/A,N/A,N/A,0,0,0,0.0,0,0,0
1703812961,29,,Aggregated,0.000000,0.000000,N/A,N/A,N/A,N/A,N/A,N/A,N/A,N/A,N/A,N/A,N/A,0,0,0,0.0,0,0,0
1703812962,30,,Aggregated,0.000000,0.000000,N/A,N/A,N/A,N/A,N/A,N/A,N/A,N/A,N/A,N/A,N/A,0,0,0,0.0,0,0,0
1703812963,31,,Aggregated,0.000000,0.000000,N/A,N/A,N/A,N/A,N/A,N/A,N/A,N/A,N/A,N/A,N/A,0,0,0,0.0,0,0,0
1703812964,32,,Aggregated,0.000000,0.000000,N/A,N/A,N/A,N/A,N/A,N/A,N/A,N/A,N/A,N/A,N/A,0,0,0,0.0,0,0,0
1703812965,33,,Aggregated,0.000000,0.000000,1500,1500,1500,1500,1500,1500,1500,1500,1500,1500,1500,1,0,1486.6144589999983,1486.6144589999983,1486.6144589999983,1486.6144589999983,137.0
1703812966,34,,Aggregated,0.000000,0.000000,1500,1500,1500,1500,1500,1500,1500,1500,1500,1500,1500,1,0,1486.6144589999983,1486.6144589999983,1486.6144589999983,1486.6144589999983,137.0
1703812967,35,,Aggregated,0.000000,0.000000,2300,2300,2300,2300,2300,2300,2300,2300,2300,2300,2300,2,0,1500.0,1881.829374999997,1486.6144589999983,2277.0442909999956,137.0
1703812968,36,,Aggregated,0.100000,0.000000,2300,2300,3000,3000,3000,3000,3000,3000,3000,3000,3000,3,0,2300.0,2246.9659583333328,1486.6144589999983,2977.239125000004,137.0
1703812969,37,,Aggregated,0.100000,0.000000,2300,2300,3000,3000,3000,3000,3000,3000,3000,3000,3000,3,0,2300.0,2246.9659583333328,1486.6144589999983,2977.239125000004,137.0
1703812970,38,,Aggregated,0.200000,0.000000,2400,2400,3000,3000,3000,3000,3000,3000,3000,3000,3000,4,0,2300.0,2292.367343749999,1486.6144589999983,2977.239125000004,137.0
1703812971,39,,Aggregated,0.300000,0.000000,2400,2500,2500,3000,3000,3000,3000,3000,3000,3000,3000,5,0,2400.0,2340.3380665999985,1486.6144589999983,2977.239125000004,137.0
1703812972,40,,Aggregated,0.300000,0.000000,2500,2500,2500,2500,3000,3000,3000,3000,3000,3000,3000,6,0,2400.0,2360.038652666665,1486.6144589999983,2977.239125000004,137.0
1703812973,41,,Aggregated,0.400000,0.000000,2400,2500,2500,2500,3000,3000,3000,3000,3000,3000,3000,7,0,2400.0,2341.729553571427,1486.6144589999983,2977.239125000004,137.0
1703812974,42,,Aggregated,0.500000,0.000000,2400,2500,2500,2500,3000,3000,3000,3000,3000,3000,3000,8,0,2300.0,2333.2680937499995,1486.6144589999983,2977.239125000004,137.0
1703812975,43,,Aggregated,0.500000,0.000000,2400,2500,2500,2500,3000,3000,3000,3000,3000,3000,3000,8,0,2300.0,2333.2680937499995,1486.6144589999983,2977.239125000004,137.0
1703812976,44,,Aggregated,0.700000,0.000000,2400,2500,2500,2500,3000,3000,3000,3000,3000,3000,3000,9,0,2400.0,2352.6422361111113,1486.6144589999983,2977.239125000004,137.0
1703812977,45,,Aggregated,0.700000,0.000000,2400,2500,2500,2500,3000,3000,3000,3000,3000,3000,3000,9,0,2400.0,2352.6422361111113,1486.6144589999983,2977.239125000004,137.0
1703812979,46,,Aggregated,0.700000,0.000000,2500,2500,2500,3000,3200,3200,3200,3200,3200,3200,3200,10,0,2400.0,2441.0438209,1486.6144589999983,3236.6580839999983,137.0
1703812980,47,,Aggregated,0.800000,0.000000,2500,2500,3000,3000,3000,3200,3200,3200,3200,3200,3200,11,0,2500.0,2493.982246272727,1486.6144589999983,3236.6580839999983,137.0
1703812981,48,,Aggregated,0.700000,0.000000,2500,2500,3000,3000,3000,3200,3200,3200,3200,3200,3200,12,0,2400.0,2486.6310209166663,1486.6144589999983,3236.6580839999983,137.0
1703812982,49,,Aggregated,0.700000,0.000000,2500,2500,3000,3000,3000,3200,3200,3200,3200,3200,3200,12,0,2400.0,2486.6310209166663,1486.6144589999983,3236.6580839999983,137.0
1703812983,50,,Aggregated,0.800000,0.000000,2500,2500,2900,3000,3000,3200,3200,3200,3200,3200,3200,13,0,2500.0,2515.8948590769232,1486.6144589999983,3236.6580839999983,137.0
